Regular Season,Thu,5-Sep-13,Sports Authority Field at Mile High,Denver Broncos,Baltimore Ravens,49,27,510,393,76977
Regular Season,Sun,8-Sep-13,AT&T Stadium,Dallas Cowboys,New York Giants,36,31,331,478,85348
Regular Season,Sun,8-Sep-13,MetLife Stadium,New York Jets,Tampa Bay Buccaneers,18,17,304,250,76957
Regular Season,Sun,8-Sep-13,Bank of America Stadium,Seattle Seahawks,Carolina Panthers,12,7,370,253,73294
Regular Season,Sun,8-Sep-13,Louisiana Superdome,New Orleans Saints,Atlanta Falcons,23,17,419,367,72348
Regular Season,Sun,8-Sep-13,FirstEnergy Stadium,Miami Dolphins,Cleveland Browns,23,10,275,291,71513
Regular Season,Sun,8-Sep-13,Candlestick Park,San Francisco 49ers,Green Bay Packers,34,28,494,385,69732
Regular Season,Sun,8-Sep-13,Ralph Wilson Stadium,New England Patriots,Buffalo Bills,23,21,431,286,69519
Regular Season,Sun,8-Sep-13,Lucas Oil Stadium,Indianapolis Colts,Oakland Raiders,21,17,274,372,65412
Regular Season,Sun,8-Sep-13,Ford Field,Detroit Lions,Minnesota Vikings,34,24,469,330,62461
Regular Season,Sun,8-Sep-13,Soldier Field,Chicago Bears,Cincinnati Bengals,24,21,323,340,62213
Regular Season,Sun,8-Sep-13,Heinz Field,Tennessee Titans,Pittsburgh Steelers,16,9,229,194,61585
Regular Season,Sun,8-Sep-13,EverBank Field,Kansas City Chiefs,Jacksonville Jaguars,28,2,292,178,59416
Regular Season,Sun,8-Sep-13,Edward Jones Dome,St. Louis Rams,Arizona Cardinals,27,24,366,390,55279
Regular Season,Mon,9-Sep-13,FedExField,Philadelphia Eagles,Washington Redskins,33,27,443,382,82743
Regular Season,Mon,9-Sep-13,Qualcomm Stadium,Houston Texans,San Diego Chargers,31,28,449,263,59522
Regular Season,Thu,12-Sep-13,Gillette Stadium,New England Patriots,New York Jets,13,10,232,318,68756
Regular Season,Sun,15-Sep-13,MetLife Stadium,Denver Broncos,New York Giants,41,23,414,376,81285
Regular Season,Sun,15-Sep-13,Lambeau Field,Green Bay Packers,Washington Redskins,38,20,580,422,78020
Regular Season,Sun,15-Sep-13,Arrowhead Stadium,Kansas City Chiefs,Dallas Cowboys,17,16,313,318,76952
Regular Season,Sun,15-Sep-13,Reliant Stadium,Houston Texans,Tennessee Titans,30,24,452,248,71718
Regular Season,Sun,15-Sep-13,M&T Bank Stadium,Baltimore Ravens,Cleveland Browns,14,6,296,259,71098
Regular Season,Sun,15-Sep-13,Georgia Dome,Atlanta Falcons,St. Louis Rams,31,24,393,421,70056
Regular Season,Sun,15-Sep-13,Lincoln Financial Field,San Diego Chargers,Philadelphia Eagles,33,30,539,522,69144
Regular Season,Sun,15-Sep-13,CenturyLink Field,Seattle Seahawks,San Francisco 49ers,29,3,290,207,68338
Regular Season,Sun,15-Sep-13,Ralph Wilson Stadium,Buffalo Bills,Carolina Panthers,24,23,436,308,67819
Regular Season,Sun,15-Sep-13,Lucas Oil Stadium,Miami Dolphins,Indianapolis Colts,24,20,398,448,65406
Regular Season,Sun,15-Sep-13,University of Phoenix Stadium,Arizona Cardinals,Detroit Lions,25,21,348,322,63400
Regular Season,Sun,15-Sep-13,Soldier Field,Chicago Bears,Minnesota Vikings,31,30,411,350,62181
Regular Season,Sun,15-Sep-13,Raymond James Stadium,New Orleans Saints,Tampa Bay Buccaneers,16,14,371,273,60870
Regular Season,Sun,15-Sep-13,O.co Coliseum,Oakland Raiders,Jacksonville Jaguars,19,9,340,248,49400
Regular Season,Mon,16-Sep-13,Paul Brown Stadium,Cincinnati Bengals,Pittsburgh Steelers,20,10,407,278,64585
Regular Season,Thu,19-Sep-13,Lincoln Financial Field,Kansas City Chiefs,Philadelphia Eagles,26,16,394,431,69144
Regular Season,Sun,22-Sep-13,AT&T Stadium,Dallas Cowboys,St. Louis Rams,31,7,396,232,80848
Regular Season,Sun,22-Sep-13,FedExField,Detroit Lions,Washington Redskins,27,20,441,420,80111
Regular Season,Sun,22-Sep-13,MetLife Stadium,New York Jets,Buffalo Bills,27,20,513,328,76957
Regular Season,Sun,22-Sep-13,Bank of America Stadium,Carolina Panthers,New York Giants,38,0,402,150,73748
Regular Season,Sun,22-Sep-13,Louisiana Superdome,New Orleans Saints,Arizona Cardinals,31,7,423,247,73057
Regular Season,Sun,22-Sep-13,M&T Bank Stadium,Baltimore Ravens,Houston Texans,30,9,236,264,71168
Regular Season,Sun,22-Sep-13,Sun Life Stadium,Miami Dolphins,Atlanta Falcons,27,23,285,377,70660
Regular Season,Sun,22-Sep-13,Candlestick Park,Indianapolis Colts,San Francisco 49ers,27,7,336,254,69732
Regular Season,Sun,22-Sep-13,LP Field,Tennessee Titans,San Diego Chargers,20,17,452,277,69143
Regular Season,Sun,22-Sep-13,Gillette Stadium,New England Patriots,Tampa Bay Buccaneers,23,3,358,323,68756
Regular Season,Sun,22-Sep-13,CenturyLink Field,Seattle Seahawks,Jacksonville Jaguars,45,17,479,265,68087
Regular Season,Sun,22-Sep-13,Paul Brown Stadium,Cincinnati Bengals,Green Bay Packers,34,30,297,399,64633
Regular Season,Sun,22-Sep-13,Mall of America Field,Cleveland Browns,Minnesota Vikings,31,27,409,329,63672
Regular Season,Sun,22-Sep-13,Heinz Field,Chicago Bears,Pittsburgh Steelers,40,23,258,459,61575
Regular Season,Mon,23-Sep-13,Sports Authority Field at Mile High,Denver Broncos,Oakland Raiders,37,21,536,342,76978
Regular Season,Thu,26-Sep-13,Edward Jones Dome,San Francisco 49ers,St. Louis Rams,35,11,370,188,56640
Regular Season,Sun,29-Sep-13,Wembley Stadium,Minnesota Vikings,Pittsburgh Steelers,34,27,393,434,83518
Regular Season,Sun,29-Sep-13,Sports Authority Field at Mile High,Denver Broncos,Philadelphia Eagles,52,20,472,450,77002
Regular Season,Sun,29-Sep-13,Arrowhead Stadium,Kansas City Chiefs,New York Giants,31,7,390,298,73386
Regular Season,Sun,29-Sep-13,Reliant Stadium,Seattle Seahawks,Houston Texans,23,20,270,476,71756
Regular Season,Sun,29-Sep-13,FirstEnergy Stadium,Cleveland Browns,Cincinnati Bengals,17,6,336,266,71481
Regular Season,Sun,29-Sep-13,Georgia Dome,New England Patriots,Atlanta Falcons,30,23,448,457,70744
Regular Season,Sun,29-Sep-13,LP Field,Tennessee Titans,New York Jets,38,13,322,330,69143
Regular Season,Sun,29-Sep-13,Qualcomm Stadium,San Diego Chargers,Dallas Cowboys,30,21,506,319,68601
Regular Season,Sun,29-Sep-13,Ralph Wilson Stadium,Buffalo Bills,Baltimore Ravens,23,20,350,345,68296
Regular Season,Sun,29-Sep-13,Ford Field,Detroit Lions,Chicago Bears,40,32,387,417,64552
Regular Season,Sun,29-Sep-13,EverBank Field,Indianapolis Colts,Jacksonville Jaguars,37,3,437,205,59695
Regular Season,Sun,29-Sep-13,O.co Coliseum,Washington Redskins,Oakland Raiders,24,14,339,298,53549
Regular Season,Sun,29-Sep-13,Raymond James Stadium,Arizona Cardinals,Tampa Bay Buccaneers,13,10,296,253,44956
Regular Season,Mon,30-Sep-13,Louisiana Superdome,New Orleans Saints,Miami Dolphins,38,17,465,331,73118
Regular Season,Thu,3-Oct-13,FirstEnergy Stadium,Cleveland Browns,Buffalo Bills,37,24,290,343,71239
Regular Season,Sun,6-Oct-13,AT&T Stadium,Denver Broncos,Dallas Cowboys,51,48,517,522,92758
Regular Season,Sun,6-Oct-13,MetLife Stadium,Philadelphia Eagles,New York Giants,36,21,439,383,80738
Regular Season,Sun,6-Oct-13,Lambeau Field,Green Bay Packers,Detroit Lions,22,9,449,286,78200
Regular Season,Sun,6-Oct-13,Candlestick Park,San Francisco 49ers,Houston Texans,34,3,284,313,69732
Regular Season,Sun,6-Oct-13,LP Field,Kansas City Chiefs,Tennessee Titans,26,17,353,339,69143
Regular Season,Sun,6-Oct-13,Sun Life Stadium,Baltimore Ravens,Miami Dolphins,26,23,384,294,68342
Regular Season,Sun,6-Oct-13,Lucas Oil Stadium,Indianapolis Colts,Seattle Seahawks,34,28,317,423,66608
Regular Season,Sun,6-Oct-13,Paul Brown Stadium,Cincinnati Bengals,New England Patriots,13,6,341,248,64259
Regular Season,Sun,6-Oct-13,Soldier Field,New Orleans Saints,Chicago Bears,26,18,347,434,62361
Regular Season,Sun,6-Oct-13,University of Phoenix Stadium,Arizona Cardinals,Carolina Panthers,22,6,250,353,60426
Regular Season,Sun,6-Oct-13,Edward Jones Dome,St. Louis Rams,Jacksonville Jaguars,34,20,351,363,54266
Regular Season,Sun,6-Oct-13,O.co Coliseum,Oakland Raiders,San Diego Chargers,27,17,299,427,48834
Regular Season,Mon,7-Oct-13,Georgia Dome,New York Jets,Atlanta Falcons,30,28,288,363,70246
Regular Season,Thu,10-Oct-13,Soldier Field,Chicago Bears,New York Giants,27,21,372,355,62374
Regular Season,Sun,13-Oct-13,AT&T Stadium,Dallas Cowboys,Washington Redskins,31,16,213,433,90239
Regular Season,Sun,13-Oct-13,MetLife Stadium,Pittsburgh Steelers,New York Jets,19,6,328,267,76957
Regular Season,Sun,13-Oct-13,Sports Authority Field at Mile High,Denver Broncos,Jacksonville Jaguars,35,19,407,362,76862
Regular Season,Sun,13-Oct-13,Arrowhead Stadium,Kansas City Chiefs,Oakland Raiders,24,7,216,274,76394
Regular Season,Sun,13-Oct-13,FirstEnergy Stadium,Detroit Lions,Cleveland Browns,31,17,366,395,71513
Regular Season,Sun,13-Oct-13,M&T Bank Stadium,Green Bay Packers,Baltimore Ravens,19,17,438,360,71319
Regular Season,Sun,13-Oct-13,Reliant Stadium,St. Louis Rams,Houston Texans,38,13,216,420,71104
Regular Season,Sun,13-Oct-13,Candlestick Park,San Francisco 49ers,Arizona Cardinals,32,20,387,403,69732
Regular Season,Sun,13-Oct-13,Gillette Stadium,New England Patriots,New Orleans Saints,30,27,376,361,68756
Regular Season,Sun,13-Oct-13,CenturyLink Field,Seattle Seahawks,Tennessee Titans,20,13,404,223,68127
Regular Season,Sun,13-Oct-13,Ralph Wilson Stadium,Cincinnati Bengals,Buffalo Bills,27,24,483,322,67739
Regular Season,Sun,13-Oct-13,Mall of America Field,Carolina Panthers,Minnesota Vikings,35,10,367,290,63963
Regular Season,Sun,13-Oct-13,Raymond James Stadium,Philadelphia Eagles,Tampa Bay Buccaneers,31,20,425,351,62505
Regular Season,Mon,14-Oct-13,Qualcomm Stadium,San Diego Chargers,Indianapolis Colts,19,9,374,267,57954
Regular Season,Thu,17-Oct-13,University of Phoenix Stadium,Seattle Seahawks,Arizona Cardinals,34,22,344,234,61200
Regular Season,Sun,20-Oct-13,FedExField,Washington Redskins,Chicago Bears,45,41,499,359,83147
Regular Season,Sun,20-Oct-13,Lambeau Field,Green Bay Packers,Cleveland Browns,31,13,357,216,77804
Regular Season,Sun,20-Oct-13,MetLife Stadium,New York Jets,New England Patriots,30,27,383,295,76957
Regular Season,Sun,20-Oct-13,Arrowhead Stadium,Kansas City Chiefs,Houston Texans,17,16,357,294,74118
Regular Season,Sun,20-Oct-13,Bank of America Stadium,Carolina Panthers,St. Louis Rams,30,15,282,317,72686
Regular Season,Sun,20-Oct-13,Georgia Dome,Atlanta Falcons,Tampa Bay Buccaneers,31,23,291,337,69522
Regular Season,Sun,20-Oct-13,Lincoln Financial Field,Dallas Cowboys,Philadelphia Eagles,17,3,368,278,69144
Regular Season,Sun,20-Oct-13,LP Field,San Francisco 49ers,Tennessee Titans,31,17,349,368,69143
Regular Season,Sun,20-Oct-13,Lucas Oil Stadium,Indianapolis Colts,Denver Broncos,39,33,334,429,67196
Regular Season,Sun,20-Oct-13,Ford Field,Cincinnati Bengals,Detroit Lions,27,24,421,434,63207
Regular Season,Sun,20-Oct-13,Heinz Field,Pittsburgh Steelers,Baltimore Ravens,19,16,286,287,62295
Regular Season,Sun,20-Oct-13,Sun Life Stadium,Buffalo Bills,Miami Dolphins,23,21,268,293,60592
Regular Season,Sun,20-Oct-13,EverBank Field,San Diego Chargers,Jacksonville Jaguars,24,6,434,353,59550
Regular Season,Mon,21-Oct-13,MetLife Stadium,New York Giants,Minnesota Vikings,23,7,257,206,79314
Regular Season,Thu,24-Oct-13,Raymond James Stadium,Carolina Panthers,Tampa Bay Buccaneers,31,13,324,297,59073
Regular Season,Sun,27-Oct-13,Wembley Stadium,San Francisco 49ers,Jacksonville Jaguars,42,10,398,318,83559
Regular Season,Sun,27-Oct-13,Sports Authority Field at Mile High,Denver Broncos,Washington Redskins,45,21,446,266,77031
Regular Season,Sun,27-Oct-13,Arrowhead Stadium,Kansas City Chiefs,Cleveland Browns,23,17,331,340,74307
Regular Season,Sun,27-Oct-13,Louisiana Superdome,New Orleans Saints,Buffalo Bills,35,17,386,299,72405
Regular Season,Sun,27-Oct-13,Lincoln Financial Field,New York Giants,Philadelphia Eagles,15,7,325,200,69144
Regular Season,Sun,27-Oct-13,Gillette Stadium,New England Patriots,Miami Dolphins,27,17,252,301,68756
Regular Season,Sun,27-Oct-13,Ford Field,Detroit Lions,Dallas Cowboys,31,30,623,268,64379
Regular Season,Sun,27-Oct-13,Mall of America Field,Green Bay Packers,Minnesota Vikings,44,31,464,243,64134
Regular Season,Sun,27-Oct-13,Paul Brown Stadium,Cincinnati Bengals,New York Jets,49,9,402,240,62576
Regular Season,Sun,27-Oct-13,University of Phoenix Stadium,Arizona Cardinals,Atlanta Falcons,27,13,348,292,60671
Regular Season,Sun,27-Oct-13,O.co Coliseum,Oakland Raiders,Pittsburgh Steelers,21,18,279,276,52950
Regular Season,Mon,28-Oct-13,Edward Jones Dome,Seattle Seahawks,St. Louis Rams,14,9,135,339,55966
Regular Season,Thu,31-Oct-13,Sun Life Stadium,Miami Dolphins,Cincinnati Bengals,22,20,345,465,52388
Regular Season,Sun,3-Nov-13,AT&T Stadium,Dallas Cowboys,Minnesota Vikings,27,23,350,393,85360
Regular Season,Sun,3-Nov-13,FedExField,Washington Redskins,San Diego Chargers,30,24,500,410,80115
Regular Season,Sun,3-Nov-13,MetLife Stadium,New York Jets,New Orleans Saints,26,20,338,407,76957
Regular Season,Sun,3-Nov-13,Bank of America Stadium,Carolina Panthers,Atlanta Falcons,34,10,373,289,73720
Regular Season,Sun,3-Nov-13,Reliant Stadium,Indianapolis Colts,Houston Texans,27,24,314,483,71778
Regular Season,Sun,3-Nov-13,FirstEnergy Stadium,Cleveland Browns,Baltimore Ravens,24,18,315,278,71513
Regular Season,Sun,3-Nov-13,Gillette Stadium,New England Patriots,Pittsburgh Steelers,55,31,610,479,68756
Regular Season,Sun,3-Nov-13,Ralph Wilson Stadium,Kansas City Chiefs,Buffalo Bills,23,13,210,470,68159
Regular Season,Sun,3-Nov-13,CenturyLink Field,Seattle Seahawks,Tampa Bay Buccaneers,27,24,415,350,67873
Regular Season,Sun,3-Nov-13,Edward Jones Dome,Tennessee Titans,St. Louis Rams,28,21,363,363,54617
Regular Season,Sun,3-Nov-13,O.co Coliseum,Philadelphia Eagles,Oakland Raiders,49,20,542,560,51751
Regular Season,Mon,4-Nov-13,Lambeau Field,Chicago Bears,Green Bay Packers,27,20,442,312,78122
Regular Season,Thu,7-Nov-13,Mall of America Field,Minnesota Vikings,Washington Redskins,34,27,307,433,64011
Regular Season,Sun,10-Nov-13,MetLife Stadium,New York Giants,Oakland Raiders,24,20,251,213,80366
Regular Season,Sun,10-Nov-13,Lambeau Field,Philadelphia Eagles,Green Bay Packers,27,13,415,396,78011
Regular Season,Sun,10-Nov-13,Louisiana Superdome,New Orleans Saints,Dallas Cowboys,49,17,625,193,73018
Regular Season,Sun,10-Nov-13,M&T Bank Stadium,Baltimore Ravens,Cincinnati Bengals,20,17,189,364,70992
Regular Season,Sun,10-Nov-13,Georgia Dome,Seattle Seahawks,Atlanta Falcons,33,10,490,226,70309
Regular Season,Sun,10-Nov-13,Candlestick Park,Carolina Panthers,San Francisco 49ers,10,9,250,151,69732
Regular Season,Sun,10-Nov-13,LP Field,Jacksonville Jaguars,Tennessee Titans,29,27,214,362,69143
Regular Season,Sun,10-Nov-13,Qualcomm Stadium,Denver Broncos,San Diego Chargers,28,20,397,329,68847
Regular Season,Sun,10-Nov-13,Lucas Oil Stadium,St. Louis Rams,Indianapolis Colts,38,8,372,406,66004
Regular Season,Sun,10-Nov-13,Soldier Field,Detroit Lions,Chicago Bears,21,19,364,338,62431
Regular Season,Sun,10-Nov-13,University of Phoenix Stadium,Arizona Cardinals,Houston Texans,27,24,332,235,60845
Regular Season,Sun,10-Nov-13,Heinz Field,Pittsburgh Steelers,Buffalo Bills,23,10,300,227,60406
Regular Season,Mon,11-Nov-13,Raymond James Stadium,Tampa Bay Buccaneers,Miami Dolphins,22,19,264,213,64448
Regular Season,Thu,14-Nov-13,LP Field,Indianapolis Colts,Tennessee Titans,30,27,366,340,69143
Regular Season,Sun,17-Nov-13,MetLife Stadium,New York Giants,Green Bay Packers,27,13,334,394,79114
Regular Season,Sun,17-Nov-13,Sports Authority Field at Mile High,Denver Broncos,Kansas City Chiefs,27,17,427,344,77076
Regular Season,Sun,17-Nov-13,Louisiana Superdome,New Orleans Saints,San Francisco 49ers,23,20,387,196,73025
Regular Season,Sun,17-Nov-13,Reliant Stadium,Oakland Raiders,Houston Texans,28,23,341,394,71726
Regular Season,Sun,17-Nov-13,Lincoln Financial Field,Philadelphia Eagles,Washington Redskins,24,16,402,427,69144
Regular Season,Sun,17-Nov-13,CenturyLink Field,Seattle Seahawks,Minnesota Vikings,41,20,323,336,68235
Regular Season,Sun,17-Nov-13,Ralph Wilson Stadium,Buffalo Bills,New York Jets,37,14,313,267,68036
Regular Season,Sun,17-Nov-13,Paul Brown Stadium,Cincinnati Bengals,Cleveland Browns,41,20,224,330,63856
Regular Season,Sun,17-Nov-13,Soldier Field,Chicago Bears,Baltimore Ravens,23,20,319,317,62367
Regular Season,Sun,17-Nov-13,Sun Life Stadium,Miami Dolphins,San Diego Chargers,20,16,343,435,60256
Regular Season,Sun,17-Nov-13,EverBank Field,Arizona Cardinals,Jacksonville Jaguars,27,14,416,274,59862
Regular Season,Sun,17-Nov-13,Heinz Field,Pittsburgh Steelers,Detroit Lions,37,27,398,451,57905
Regular Season,Sun,17-Nov-13,Raymond James Stadium,Tampa Bay Buccaneers,Atlanta Falcons,41,28,410,420,55360
Regular Season,Mon,18-Nov-13,Bank of America Stadium,Carolina Panthers,New England Patriots,24,20,300,390,74225
Regular Season,Thu,21-Nov-13,Georgia Dome,New Orleans Saints,Atlanta Falcons,17,13,374,355,70422
Regular Season,Sun,24-Nov-13,MetLife Stadium,Dallas Cowboys,New York Giants,24,21,311,356,80499
Regular Season,Sun,24-Nov-13,Lambeau Field,Minnesota Vikings,Green Bay Packers,26,26,447,494,77871
Regular Season,Sun,24-Nov-13,Arrowhead Stadium,San Diego Chargers,Kansas City Chiefs,41,38,491,395,75259
Regular Season,Sun,24-Nov-13,Reliant Stadium,Jacksonville Jaguars,Houston Texans,13,6,333,218,71659
Regular Season,Sun,24-Nov-13,FirstEnergy Stadium,Pittsburgh Steelers,Cleveland Browns,27,11,302,367,71513
Regular Season,Sun,24-Nov-13,M&T Bank Stadium,Baltimore Ravens,New York Jets,19,3,312,220,71148
Regular Season,Sun,24-Nov-13,Gillette Stadium,New England Patriots,Denver Broncos,34,31,440,412,68756
Regular Season,Sun,24-Nov-13,Edward Jones Dome,St. Louis Rams,Chicago Bears,42,21,406,424,66024
Regular Season,Sun,24-Nov-13,Ford Field,Tampa Bay Buccaneers,Detroit Lions,24,21,229,390,62098
Regular Season,Sun,24-Nov-13,University of Phoenix Stadium,Arizona Cardinals,Indianapolis Colts,40,11,410,239,60882
Regular Season,Sun,24-Nov-13,Sun Life Stadium,Carolina Panthers,Miami Dolphins,20,16,295,332,60156
Regular Season,Sun,24-Nov-13,O.co Coliseum,Tennessee Titans,Oakland Raiders,23,19,426,353,46001
Regular Season,Mon,25-Nov-13,FedExField,San Francisco 49ers,Washington Redskins,27,6,304,190,79773
Regular Season,Thu,28-Nov-13,AT&T Stadium,Dallas Cowboys,Oakland Raiders,31,24,352,305,87572
Regular Season,Thu,28-Nov-13,M&T Bank Stadium,Baltimore Ravens,Pittsburgh Steelers,22,20,311,329,71005
Regular Season,Thu,28-Nov-13,Ford Field,Detroit Lions,Green Bay Packers,40,10,561,126,64934
Regular Season,Sun,1-Dec-13,Arrowhead Stadium,Denver Broncos,Kansas City Chiefs,35,28,535,452,77065
Regular Season,Sun,1-Dec-13,MetLife Stadium,Miami Dolphins,New York Jets,23,3,453,177,76957
Regular Season,Sun,1-Dec-13,FedExField,New York Giants,Washington Redskins,24,17,286,323,75220
Regular Season,Sun,1-Dec-13,Bank of America Stadium,Carolina Panthers,Tampa Bay Buccaneers,27,6,426,206,72795
Regular Season,Sun,1-Dec-13,Reliant Stadium,New England Patriots,Houston Texans,34,31,453,385,71769
Regular Season,Sun,1-Dec-13,Candlestick Park,San Francisco 49ers,St. Louis Rams,23,13,338,312,69732
Regular Season,Sun,1-Dec-13,FirstEnergy Stadium,Jacksonville Jaguars,Cleveland Browns,32,28,314,439,69654
Regular Season,Sun,1-Dec-13,Lincoln Financial Field,Philadelphia Eagles,Arizona Cardinals,24,21,307,350,69144
Regular Season,Sun,1-Dec-13,Lucas Oil Stadium,Indianapolis Colts,Tennessee Titans,22,14,264,347,65502
Regular Season,Sun,1-Dec-13,Mall of America Field,Minnesota Vikings,Chicago Bears,23,20,496,480,64134
Regular Season,Sun,1-Dec-13,Qualcomm Stadium,Cincinnati Bengals,San Diego Chargers,17,10,354,334,61536
Regular Season,Sun,1-Dec-13,Rogers Centre,Atlanta Falcons,Buffalo Bills,34,31,423,405,38969
Regular Season,Mon,2-Dec-13,CenturyLink Field,Seattle Seahawks,New Orleans Saints,34,7,429,188,68387
Regular Season,Thu,5-Dec-13,EverBank Field,Jacksonville Jaguars,Houston Texans,27,20,281,406,60414
Regular Season,Sun,8-Dec-13,Lambeau Field,Green Bay Packers,Atlanta Falcons,22,21,334,285,77550
Regular Season,Sun,8-Dec-13,MetLife Stadium,New York Jets,Oakland Raiders,37,27,352,383,76957
Regular Season,Sun,8-Dec-13,Sports Authority Field at Mile High,Denver Broncos,Tennessee Titans,51,28,551,254,76554
Regular Season,Sun,8-Dec-13,Louisiana Superdome,New Orleans Saints,Carolina Panthers,31,13,373,239,73089
Regular Season,Sun,8-Dec-13,M&T Bank Stadium,Baltimore Ravens,Minnesota Vikings,29,26,325,379,70921
Regular Season,Sun,8-Dec-13,Candlestick Park,San Francisco 49ers,Seattle Seahawks,19,17,318,264,69732
Regular Season,Sun,8-Dec-13,Lincoln Financial Field,Philadelphia Eagles,Detroit Lions,34,20,478,231,69144
Regular Season,Sun,8-Dec-13,Gillette Stadium,New England Patriots,Cleveland Browns,27,26,484,494,68756
Regular Season,Sun,8-Dec-13,Qualcomm Stadium,San Diego Chargers,New York Giants,37,14,388,333,65132
Regular Season,Sun,8-Dec-13,Paul Brown Stadium,Cincinnati Bengals,Indianapolis Colts,42,28,430,389,62507
Regular Season,Sun,8-Dec-13,University of Phoenix Stadium,Arizona Cardinals,St. Louis Rams,30,10,369,257,60643
Regular Season,Sun,8-Dec-13,Raymond James Stadium,Tampa Bay Buccaneers,Buffalo Bills,27,6,246,214,59194
Regular Season,Sun,8-Dec-13,FedExField,Kansas City Chiefs,Washington Redskins,45,10,346,257,56247
Regular Season,Sun,8-Dec-13,Heinz Field,Miami Dolphins,Pittsburgh Steelers,34,28,367,412,52489
Regular Season,Mon,9-Dec-13,Soldier Field,Chicago Bears,Dallas Cowboys,45,28,490,328,62229
Regular Season,Thu,12-Dec-13,Sports Authority Field at Mile High,San Diego Chargers,Denver Broncos,27,20,337,295,76497
Regular Season,Sun,15-Dec-13,AT&T Stadium,Green Bay Packers,Dallas Cowboys,37,36,433,466,91054
Regular Season,Sun,15-Dec-13,MetLife Stadium,Seattle Seahawks,New York Giants,23,0,327,181,79691
Regular Season,Sun,15-Dec-13,Bank of America Stadium,Carolina Panthers,New York Jets,30,20,392,297,73251
Regular Season,Sun,15-Dec-13,Sun Life Stadium,Miami Dolphins,New England Patriots,24,20,378,453,71863
Regular Season,Sun,15-Dec-13,FirstEnergy Stadium,Chicago Bears,Cleveland Browns,38,31,440,366,71513
Regular Season,Sun,15-Dec-13,Georgia Dome,Atlanta Falcons,Washington Redskins,27,26,243,476,70069
Regular Season,Sun,15-Dec-13,LP Field,Arizona Cardinals,Tennessee Titans,37,34,360,460,69143
Regular Season,Sun,15-Dec-13,Lucas Oil Stadium,Indianapolis Colts,Houston Texans,25,3,331,239,65470
Regular Season,Sun,15-Dec-13,Raymond James Stadium,San Francisco 49ers,Tampa Bay Buccaneers,33,14,376,183,64142
Regular Season,Sun,15-Dec-13,Mall of America Field,Minnesota Vikings,Philadelphia Eagles,48,30,455,475,64087
Regular Season,Sun,15-Dec-13,EverBank Field,Buffalo Bills,Jacksonville Jaguars,27,20,366,354,60085
Regular Season,Sun,15-Dec-13,Edward Jones Dome,St. Louis Rams,New Orleans Saints,27,16,302,432,58442
Regular Season,Sun,15-Dec-13,O.co Coliseum,Kansas City Chiefs,Oakland Raiders,56,31,384,461,49571
Regular Season,Sun,15-Dec-13,Heinz Field,Pittsburgh Steelers,Cincinnati Bengals,30,20,290,279,45873
Regular Season,Mon,16-Dec-13,Ford Field,Baltimore Ravens,Detroit Lions,18,16,305,349,64742
Regular Season,Sun,22-Dec-13,FedExField,Dallas Cowboys,Washington Redskins,24,23,309,297,80411
Regular Season,Sun,22-Dec-13,Lambeau Field,Pittsburgh Steelers,Green Bay Packers,38,31,343,370,77999
Regular Season,Sun,22-Dec-13,MetLife Stadium,New York Jets,Cleveland Browns,24,13,422,283,76957
Regular Season,Sun,22-Dec-13,Arrowhead Stadium,Indianapolis Colts,Kansas City Chiefs,23,7,367,287,75396
Regular Season,Sun,22-Dec-13,Bank of America Stadium,Carolina Panthers,New Orleans Saints,17,13,222,365,73825
Regular Season,Sun,22-Dec-13,Reliant Stadium,Denver Broncos,Houston Texans,37,13,511,240,71761
Regular Season,Sun,22-Dec-13,M&T Bank Stadium,New England Patriots,Baltimore Ravens,41,7,300,358,71433
Regular Season,Sun,22-Dec-13,Lincoln Financial Field,Philadelphia Eagles,Chicago Bears,54,11,514,257,69144
Regular Season,Sun,22-Dec-13,CenturyLink Field,Arizona Cardinals,Seattle Seahawks,17,10,307,192,68266
Regular Season,Sun,22-Dec-13,Qualcomm Stadium,San Diego Chargers,Oakland Raiders,26,13,344,265,65675
Regular Season,Sun,22-Dec-13,Ford Field,New York Giants,Detroit Lions,23,20,279,355,63996
Regular Season,Sun,22-Dec-13,Paul Brown Stadium,Cincinnati Bengals,Minnesota Vikings,42,14,426,209,61555
Regular Season,Sun,22-Dec-13,EverBank Field,Tennessee Titans,Jacksonville Jaguars,20,16,346,289,60559
Regular Season,Sun,22-Dec-13,Edward Jones Dome,St. Louis Rams,Tampa Bay Buccaneers,23,13,277,170,54423
Regular Season,Sun,22-Dec-13,Ralph Wilson Stadium,Buffalo Bills,Miami Dolphins,19,0,390,103,54305
Regular Season,Mon,23-Dec-13,Candlestick Park,San Francisco 49ers,Atlanta Falcons,34,24,379,402,69732
Regular Season,Sun,29-Dec-13,AT&T Stadium,Philadelphia Eagles,Dallas Cowboys,24,22,366,414,91166
Regular Season,Sun,29-Dec-13,MetLife Stadium,New York Giants,Washington Redskins,20,6,278,251,80177
Regular Season,Sun,29-Dec-13,Louisiana Superdome,New Orleans Saints,Tampa Bay Buccaneers,42,17,468,290,73150
Regular Season,Sun,29-Dec-13,Georgia Dome,Carolina Panthers,Atlanta Falcons,21,20,283,307,70427
Regular Season,Sun,29-Dec-13,Sun Life Stadium,New York Jets,Miami Dolphins,20,7,374,296,70296
Regular Season,Sun,29-Dec-13,LP Field,Tennessee Titans,Houston Texans,16,10,311,288,69143
Regular Season,Sun,29-Dec-13,Gillette Stadium,New England Patriots,Buffalo Bills,34,20,382,393,68756
Regular Season,Sun,29-Dec-13,CenturyLink Field,Seattle Seahawks,St. Louis Rams,27,9,269,158,68264
Regular Season,Sun,29-Dec-13,Qualcomm Stadium,San Diego Chargers,Kansas City Chiefs,27,24,405,332,66374
Regular Season,Sun,29-Dec-13,Lucas Oil Stadium,Indianapolis Colts,Jacksonville Jaguars,30,10,379,350,66008
Regular Season,Sun,29-Dec-13,Mall of America Field,Minnesota Vikings,Detroit Lions,14,13,345,245,64134
Regular Season,Sun,29-Dec-13,University of Phoenix Stadium,San Francisco 49ers,Arizona Cardinals,23,20,375,482,63570
Regular Season,Sun,29-Dec-13,Soldier Field,Green Bay Packers,Chicago Bears,33,28,473,345,62708
Regular Season,Sun,29-Dec-13,Paul Brown Stadium,Cincinnati Bengals,Baltimore Ravens,34,17,392,222,62406
Regular Season,Sun,29-Dec-13,Heinz Field,Pittsburgh Steelers,Cleveland Browns,20,7,292,293,56361
Regular Season,Sun,29-Dec-13,O.co Coliseum,Denver Broncos,Oakland Raiders,34,14,458,255,51500
WildCard,Sat,4-Jan-14,Lincoln Financial Field,New Orleans Saints,Philadelphia Eagles,26,24,434,256,69144
WildCard,Sat,4-Jan-14,Lucas Oil Stadium,Indianapolis Colts,Kansas City Chiefs,45,44,536,513,63551
WildCard,Sun,5-Jan-14,Lambeau Field,San Francisco 49ers,Green Bay Packers,23,20,381,281,77525
WildCard,Sun,5-Jan-14,Paul Brown Stadium,San Diego Chargers,Cincinnati Bengals,27,10,318,439,62277
Division,Sat,11-Jan-14,Gillette Stadium,New England Patriots,Indianapolis Colts,43,22,419,386,68756
Division,Sat,11-Jan-14,CenturyLink Field,Seattle Seahawks,New Orleans Saints,23,15,277,409,68388
Division,Sun,12-Jan-14,Sports Authority Field at Mile High,Denver Broncos,San Diego Chargers,24,17,363,259,76969
Division,Sun,12-Jan-14,Bank of America Stadium,San Francisco 49ers,Carolina Panthers,23,10,315,325,73784
Conference Champion,Sun,19-Jan-14,Sports Authority Field at Mile High,Denver Broncos,New England Patriots,26,16,507,320,77110
Conference Champion,Sun,19-Jan-14,CenturyLink Field,Seattle Seahawks,San Francisco 49ers,23,17,308,308,68454
Super Bowl,Sun,2-Feb-14,MetLife Stadium,Seattle Seahawks,Denver Broncos,43,8,341,306,82529
